식당명,주소,메뉴
일미기사식당,서울 동대문구 회기로 105,[]
홍콩반점0410 경희대점,서울 동대문구 경희대로 12-1,"['짬뽕', '짜장면', '탕수육(소)', '짬뽕밥', '짜장밥', '군만두', '쟁반짜장']"
노랑통닭 경희대점,서울 동대문구 경희대로1길 13 1층,"['알싸한 마늘치킨 레귤러', '알싸한 마늘치킨 사이즈업', '엄청 큰 후라이드 치킨', '엄청 큰 깐풍치킨', '순살 3종 세트', '엄청 큰 양념치킨', '매콤 후라이드', '엄청 큰 반반치킨 (후라이드 + 양념)', '엄청 큰 반반치킨 (후라이드 + 깐풍)', '엄청 큰 반반치킨 (양념 + 깐풍)', '고바치', '간바치', '웰빙 파닭 (후라이드 + 양념)', '웰빙 파닭 (후라이드 + 깐풍)', '웰빙 파닭 (양념 + 깐풍)']"
노바 이탈리아노,서울 동대문구 회기로21길 44,"['안심,연어,닭고기 스테이크', '샐러드', '파스타', '피자', '하우스와인']"
송가네오소리순대국,서울 동대문구 회기로13길 10,"['술국', '곱창전골(소)', '순대국', '오소리반반', '순대철판곱창']"
설,서울 동대문구 경희대로 9,"['회덮밥', '오뎅백반', '고기덮밥', '우동', '유부초밥']"
원조할머니보쌈 경희점,서울 동대문구 이문로 31,[]
레프트커피 경희대점,서울 동대문구 회기로 164 1층 레프트커피,"['아보카도 브런치', '브라운치즈 크로플', '독일식 팬케이크 플레이트', '크래미 샌드위치', '얼그레이라떼', '딥카라멜라떼', '아메리카노']"
미식성 경희대점,서울 동대문구 경희대로1가길 32 2층,[]
삼성루,서울 동대문구 경희대로1가길 27,"['짜장면', '탕수육+짜장1', '탕수육+짬뽕1', '탕수육+볶음밥1', '탕수육+쟁반짜장2인+만두or콜라', '탕볶밥', '볶짜면', '탕짬면', '사천탕수육', '닭탕수육', '찹쌀탕수육 大']"
스카이라이브,서울 동대문구 회기로 129-1,[]
등촌샤브칼국수 경희대점,서울 동대문구 회기로21길 38,"['버섯매운탕칼국수', '바지락칼국수', '시골콩국수', '소고기 샤브샤브', '냉면']"
아비꼬 경희대점,서울 동대문구 경희대로3길 5,"['기본카레라이스', '가지카레라이스', '야채카레라이스', '버섯카레라이스', '허브치킨카레라이스', '포크카레라이스', '함바그카레라이스', '비프카레라이스', '알새우카레라이스', '해산물카레라이스', '기본카레우동', '버섯카레우동', '허브치킨카레우동', '비프카레우동', '알새우카레우동']"
마리채경희대점,서울 동대문구 회기로13길 6,[]
회기왕족발보쌈,서울 동대문구 회기로 158,"['족발 특대', '보쌈 특대', '족발 대', '보쌈 대', '족발 중', '보쌈 중', '족발 소', '보쌈 소', '쟁반막국수 대', '쟁반막국수 중', '춘천막국수']"
현대반점,서울 동대문구 이문로1길 21 신현대아파트,"['탕수육+차돌박이짬뽕', '탕수육+속풀이짬뽕', '탕수육+불쟁반1', '사천탕수육+깐풍새우or깐풍육+짜장or간짜장or짬뽕', '콩짜장', '콩나물짬뽕', '홍합짬뽕', '홍합낙지짬뽕', '굴짬뽕', '차돌박이짬뽕', '물(비빔)냉면, 냉콩국수', '탕수육+물냉면2']"
투다리 경희대점,서울 동대문구 회기로 172,['닭산적']
라황상마라탕,서울 동대문구 경희대로3길 13,"['꿔보러우', '마라탕 100g', '계란볶음밥', '가지볶음밥', '물만두', '마파두부덮밥', '마라샹궈 100g', '샹라대우', '샹라닭날개', '샹라러우쓰', '위샹러우쓰', '토마토계란볶음', '마파두부', '건두부볶음']"
거복이식당,서울 동대문구 경희대로3길 6,"['점심) 매콤짜글이', '목살 600g', '숙성 삼겹 600g', '생삼겹 1인분', '항정살 1인분', '벌집 껍데기 1인분', '물냉면', '비빔냉면', '볶음밥', '순두부찌개']"
지금보고싶다 경희대점,서울 동대문구 경희대로3길 6 2층,"['플레이트 1', '담양숯불갈비', '감바스', '밀푀유나베', '제주화산전골']"
칠성포차 경희대점,서울 동대문구 경희대로1길 8-12,"['칠성마약찜닭', '칠성간장찜닭', '누룽알밥']"
바다내음,서울 동대문구 경희대로1길 11 1층 바다내음,"['농어 중', '물회', '광어 소', '광어 중', '광어 대', '우럭 소', '우럭 중 ', '우럭 대', '도미 중', '도미 대', '농어 대', '연어 중', '연어 대', '연어 광어', '연어 우럭']"
전골마을,서울 동대문구 경희대로1가길 42,[]
더진국수육국밥 경희대점,서울 동대문구 경희대로3길 14,"['수육국밥', '순대국밥', '얼큰국밥', '직화물냉면', '감자만두']"
히비야,서울 동대문구 회기로21길 29,"['수제생돈까스', '사케동', '까스동', '치즈롤까스']"
우리집한상,서울 동대문구 회기로13길 23,"['고등어구이정식', '제육정식', '제육/오징어', '해물동태탕', '오징어정식']"
카페 그대쉴꽃,서울 동대문구 회기로19길 6,"['머랭케이크', '꽃차', '화분케이크', '국화레몬에이드', '에스프레소', '아메리카노', '카페라떼', '바닐라라떼', '카페모카']"
샤브샤브홍학식당,서울 동대문구 경희대로1길 13,"['소고기샤브샤브(1인분)', '손만두전골(1인분)', '칼국수사리']"
도읍지,서울 동대문구 회기로21길 38-1,"['시골청국장', '오징어백반', '제육백반', '부대찌개백반']"
보드람치킨 경희대점,서울 동대문구 회기로13길 9,"['오리지널 후라이드', '통날개 후라이드', '통다리 후라이드', '순살 후라이드']"
유성관,서울 동대문구 경희대로3길 30,"['청정우 호주산 와규 꽃등심 180g', '청정우 호주산 와규 생등심 180g', '청정우 호주산 와규 주물럭 180g', '청정우 호주산 와규 버섯불고기 180g', '국내산 한우 1+ 꽃등심 180g', '국내산 한우 1+ 생등심 180g', '국내산 한우 1+ 주물럭 180g', '국내산 한우 1+ 육회 180g', '국내산 한우 1+ 버섯불고기 180g', '국내산 돼지 갈매기살 180g', '국내산 돼지 항정살 180g', '국내산 돼지 갈비 180g', '국내산 돼지 꽃삼겹살 180g', '국내산 돼지 생목살 180g', '버섯전골']"
낭풍 경희대점,서울 동대문구 경희대로4길 15,"['낭풍 김치찌개 보통', '낭풍김치찌개 곱빼기', '라면사리']"
멍군집,서울 동대문구 회기로 148-4,"['삼겹살(600g)', '목 살(600g)', '목반/삼반(600g)', '껍데기(600g)', '김C찌개', '김치말이국수', '잔치국수', '가지추가', '소 주', '한라산', '맥 주', '음 료(대)', '음료(소)']"
도모다찌,서울 동대문구 경희대로4길 15,"['생연어  사시미', '생연어샐러드', '순살닭볶음탕', '소고기타다끼', '나가사키짬뽕']"
닭한마리칼국수,서울 동대문구 경희대로6길 5,"['닭한마리', '닭도리탕 중', '반계탕', '능이백숙', '능이반계탕']"
팔당포차 경희대점,서울 동대문구 경희대로1길 8-17,"['매운뼈없는닭발+계란찜', '국물뼈있는닭발+계란찜', '국물뼈없는닭발+계란찜', '국물반반닭발+계란찜', '치즈순살불닭+계란찜', '치즈닭발+계란찜', '치즈오징어볶음+계란찜', '홍합탕', '북어해장국', '얼큰뻔데기탕', '조개탕', '얼큰순두부짬뽕', '오뎅탕', '돼지김치찌개']"
이프로의 도시어부,서울 동대문구 경희대로1길 8-18 1층,"['광어', '우럭', '연어', '명태양념구이', '물회']"
코리아푸드스토리,서울 동대문구 회기로13길 21,"['생삼겹살(국내산)', '언양 한우 숯불고기', '한우 차돌박이', '한우 소고기 전골(2인)', '100% 감자전', '안동소주, 문배주, 이강주, 소주 등', '소뼈해장국(한우)', '점심 한우소뼈해장국', '점심 두루치기 덮밥', '점심 낙지전골', '점심 김치찌개', '점심 한우 소고기 전골']"
이문닭발,서울 동대문구 회기로19길 10 이문닭발,"['튤립닭발(국물)1인분', '닭목살(200g)', '통닭발(국물)1인분', '닭오돌뼈(200g)', '칼국수', '대게내장밥 ']"
명성순대국,서울 동대문구 이문로 31-2 명성순대국,"['순대국', '콩나물해장국', '선지해장국']"
압구정김밥 경희대점,서울 동대문구 경희대로 15,"['초밥 (8pcs)', '초밥 (4pcs)', '누드참치김밥과 감자볼', '누드치즈김밥과 감자볼', '누드김치김밥과 감자볼', '크런치, 날치알롤 (1접시)']"
역전할머니맥주 경희대점,서울 동대문구 경희대로1길 7,"['오징어입', '먹태', '버터구이오징어', '통통오다리', '한치', '반건조오징어', '아귀포', '노가리', '참쥐포', '훈제치킨', '마른오징어']"
서울우담냉채족발,서울 동대문구 경희대로1가길 39,"['우담 냉채족발', '우담 수육왕족발', '우담 철판양파보쌈', '우담 매운양념족발']"
화이트캣,서울 동대문구 회기로13길 21,"['파스타', '피자', '비프텐더로인 스테이크', '샐러드', '샥슈카', '뢰스티', '화이트캣 깐풍기']"
뉴델리,서울 동대문구 경희대로6길 5 2층 뉴델리,"['탄두리 치킨 한마리 (4PCS)', '치킨 마크니', '램 도 피아자', '팔락파니르', '플레인 난', '프라운 브리야니', '런치세트A', '런치세트B']"
생도야지세상,서울 동대문구 경희대로3길 22,"['생삼겹살', '생목살', '항정살', '안창살', '갈매기살']"
더블유,서울 동대문구 회기로13길 25,[]
꽃돼지무한삼겹,서울 동대문구 회기로19길 11,['무한리필']
아이지엔빙,서울 동대문구 회기로21길 14,"['지엔빙,냉면구이']"
요거프레소 경희대점,서울 동대문구 경희대로3길 21,['커피']
79번지국수집,서울 동대문구 회기로13길 25,"['닭칼국수', '초계국수', '닭국수', '김치말이온국수', '김치말이냉국수', '콩국수', '코다리비빔국수', '비빔국수', '닭곰탕', '고기김치전', '고기완자전', '감자해물파전']"
얌샘김밥 회기역점,서울 동대문구 망우로 81,"['얌샘김밥', '라돈모다기', '날치알톡톡김밥', '참치샐러드김밥', '차돌된장찌개비빔밥', '돈까스김치오므라이스', '생등심돈까스', '치즈돈까스', '바싹불고기덮밥']"
불타는닭갈비경희대점,서울 동대문구 회기로21길 4,"['닭갈비', '치즈닭갈비', '낙지닭갈비']"
오뚝식당,서울 동대문구 회기로26길 14 1층,"['새우로제뽕', '곱창떡볶이', '오향장육', '트러플된장술밥', '소곱창구이', '항정수육', '스지전골', '양지국수', '곱창국수', '꿀토마토', '브리치즈구이', '양념생굴', '소곱창토마토스튜']"
버무리떡볶이 경희대점,서울 동대문구 경희대로 5,"['매운맛/순한맛 떡볶이', '튀김', '순대', '철판만두', '꼬마김밥 5줄', '계란말이김밥 2줄', '왕새우튀김 3개', '고추튀김 3개', '주먹밥', '우동', '쫄면']"
찌개장터,서울 동대문구 회기로21길 13,"['생고기 김치찌개', '참치 김치찌개', '꽁치 김치찌개', '햄소세지 김치찌개', '생고기 김치찜(2인)', '고등어 김치찜(2인)', '왕계란말이', '직화제육볶음', '모듬 김치찌개(고기+햄+떡+만두+라면)(2인)']"
여기가좋겠네,서울 동대문구 회기로21길 25 1층,"['닭볶음탕 소', '고기떡볶이', '뼈없는찜닭 소']"
썬더치킨 경희대점,서울 동대문구 이문로 31,"['후라이드', '양념치킨']"
푸른하늘,서울 동대문구 경희대로6길 3-4,"['참치김밥', '라볶이', '쫄면', '토종순대', '야채김밥', '김치김밥', '제육김밥', '김치제육김밥', '참치치즈김밥', '돈가스김밥']"
백수씨 심야식당,서울 동대문구 경희대로1길 8-15,"['한우육전', '오징어매운떡볶이(오매떡)', '홍새우회', '생연어', '명란구이 아보카도', '꼴뚜기 숙회', '참문어숙회', '골뱅이 숙회', '골뱅이무침', '모둠물회', '가자미 새꼬시무침', '간장새우', '새우버터구이', '문어족발', '오징어순대']"
골드레벨파스타&필라프,서울 동대문구 회기로21가길 13,"['목살스테이크', '감바스&마늘빵', '핫칠리새우치즈돈까스', '김치전', '황도']"
바이브,서울 동대문구 회기로 125 지하1층 Bar:eve,"['칵테일', '앱솔루트 보드카 세트', '후카', 'Best 안주', '스미노프 보드카 세트', '바카디 럼', '스카이 보드카 세트', '봄베이 사파이어 진', '콰이페', '아그와', '엑스레이티드', '그레이구스']"
복가주점 경희대점,"서울 동대문구 경희대로 3 2,3,4층","['양꼬치', '샤브샤브 小', '샤브샤브 大', '중국식 탕수육']"
순수치킨 회기점,서울 동대문구 회기로 160-2,"['고마치킨', '반반치킨', '만족닭 떡볶이세트', '사과치킨', '호로록떡볶이', '후라이드치킨', '허니꿀떡치킨', '벌꿀간장치킨', '마늘치킨', '고추치킨', '와사마요간장치킨', '통뼈닭발', '무뼈닭발', '바삭이쥐포', '모듬감자']"
치킨앤칩스 경희대점,서울 동대문구 회기로 147,"['크림생맥주', '칵테일비어', '맥주타워']"
싼타나,서울 동대문구 회기로 172,"['카프리, 버드와이저', '카스, 맥스(500ml)']"
시니혀니 비어,서울 동대문구 회기로 161-3,"['생맥주', '쥐포튀김', '감자튀김 ', '치즈스틱+소세지', '감자칩 ', '나초', '황도', '노가리', '문어슬라이스 ', '치즈돈가스', '아귀포와 땅콩', '고르곤졸라피자', '똥집후라이드', '순살치킨', '모듬소세지']"
맥주바켓 경희대점,서울 동대문구 경희대로1길 8-17,[]
자매분식,서울 동대문구 경희대로1가길 15,"['갈치조림', '간고등어조림', '뚝불고기', '김치제육볶음', '제육볶음']"
고황24시뼈다귀해장국감자탕,서울 동대문구 경희대로1길 8-16,"['감자탕 중', '뼈다귀찜 중', '뼈다귀해장국']"
홍춘천치즈닭갈비 회기경희대점,서울 동대문구 회기로13길 10 2층,"['홍춘천닭갈비', '치즈닭갈비', '김치치즈닭갈비', '국물닭갈비', '마라닭갈비', '새우치즈닭갈비', '오징어치즈닭갈비', '문어치즈닭갈비', '해물국물닭갈비', '국물떡볶이', '국물통닭발', '치즈볼', '치즈스틱', '볶음밥', '대왕오징어튀김']"
형고깃집,서울 동대문구 회기로 149-3,"['연탄삼겹살', '연탄오겹살', '연탄항정살', '연탄목살', '연탄양념목갈비', '연탄갈매기살', '연탄양념껍데기', '얼큰순두부찌개', '고추장찌개', '바지락우렁된장찌개', '치즈계란찜', '냉면', '비빔면', '辛뽀그리', '간장계란밥']"
아지트K,서울 동대문구 회기로19길 10,[]
민들레영토경희대점,서울 동대문구 경희대로1길 34,"['치킨커틀렛', '포크커틀렛', '치즈오븐포크커틀렛', '빠네크림파스타', '크림파스타', '해물파스타', '미트파스타', '해물김치필라프', '새우카레필라프', '치킨샐러드', '야채샐러드']"
이찌방이야기 경희대점,서울 동대문구 경희대로1길 6 1층 이찌방이야기,"['나가사키짬뽕탕', '튀김듬뿍떡볶이', '해물볶음우동', '파인샤베트', '코코넛샤베트', '얼큰해물짬뽕탕']"
상냥한눈빛의떡볶이,서울 동대문구 회기로21길 23,['1인당']
호랭이양식당,서울 동대문구 회기로13길 24,"['볼로네제', '청양고추 크림파스타', '알리오올리오', '한돈 필라프', '크림생맥주', '이태리 가지튀김', '호랭이 목살 스테이크']"
경희쌈밥,서울 동대문구 경희대로1가길 27,"['불고기', '고추장불고기', '삼겹살', '쭈꾸미', '훈제오리']"
송가네낙지,서울 동대문구 경희대로1가길 18,[]
주쿤,서울 동대문구 경희대로1길 6,['주쿤해산물모듬떡볶이']
로코모,서울 동대문구 경희대로1길 7,"['할라피뇨 치즈나쵸', '너비아니구이 (4)', '튀김쥐포와 믹스넛', '비엔나 소세지 구이', '감자튀김']"
규범곱창,서울 동대문구 회기로 156,"['데리야끼막창', '소금막창', '양념막창', '불막창', '순대곱창', '야채곱창', '불곱창', '계란찜', '볶음밥', '라면', '주먹밥', '백곱창']"
아메드,서울 동대문구 경희대로1가길 8-1 1층,['말차']
솔낭구갈비,서울 동대문구 회기로13길 11,"['등심 1+', '국내산 돼지갈비', '국내산 삼겹살', '국내산 항정살', '국내산 생목살', '뚝배기불고기', '돼지불백', '차돌된장찌개', '갈비탕', '순두부', '냉면']"
솔잎깨비식당,서울 동대문구 경희대로6길 7-47,[]
봉추찜닭 경희대점,서울 동대문구 회기로19길 17,"['봉추찜닭 소', '누룽지', '봉추찜닭 중', '봉추찜닭 대']"
레알라면,서울 동대문구 회기로25길 23-5,"['오렌지', '옐로우', '레드', '쿨피스(소)']"
잔월,서울 동대문구 경희대로1길 7,"['모듬꼬치', '니혼탕수육', '소고기타다끼(한우)', '육회', '고로케', '새우튀김']"
솔낭구갈비,서울 동대문구 회기로13길 11,"['등심 1+', '국내산 돼지갈비', '국내산 삼겹살', '국내산 항정살', '국내산 생목살', '뚝배기불고기', '돼지불백', '차돌된장찌개', '갈비탕', '순두부', '냉면']"
솔잎깨비식당,서울 동대문구 경희대로6길 7-47,[]
봉추찜닭 경희대점,서울 동대문구 회기로19길 17,"['봉추찜닭 소', '누룽지', '봉추찜닭 중', '봉추찜닭 대']"
레알라면,서울 동대문구 회기로25길 23-5,"['오렌지', '옐로우', '레드', '쿨피스(소)']"
잔월,서울 동대문구 경희대로1길 7,"['모듬꼬치', '니혼탕수육', '소고기타다끼(한우)', '육회', '고로케', '새우튀김']"
에이바우트커피 경희대점,서울 동대문구 경희대로3길 28,"['카페라떼', '아이스티', '아포가토', '꿀토마토 주스', '한라봉 스무디']"
이삭토스트 경희대점,서울 동대문구 경희대로 9-1,"['칠리새우', '트리플소세지 토스트', '핫치킨MVP', '딥치즈 베이컨 포테이토', '베이컨 포테이토 피자', '딥치즈 베이컨', '더블치즈 돈까스', '베이컨 치즈 베이글', '베이컨베스트', '피자', '불갈비 MVP', '불고기 MVP', '스테이크햄 VIP', '햄스페셜', '감자']"
본죽 경희대점,서울 동대문구 회기로 143,"['소고기야채죽', '낙지김치죽', '전복죽', '불낙죽', '해물죽', '낙지김치해장죽']"
장터목,서울 동대문구 경희대로1길 8-18 복합빌딩 2층,['돌판숯불갈비']
회기역파전골목,서울 동대문구 회기로28길 8,[]
또봉이통닭 서울회기점,서울 동대문구 회기로18길 41 회기동 상가주택,"['또봉이통닭', '양념통닭', '간장마늘통닭', '갈비통닭', '맵닭', '똥집튀김', '국물떡볶이']"
꽃술,서울 동대문구 경희대로1길 8-14 1층,"['수제피자(5종)', '삼겹살김치볶음밥', '벌교꼬막비빔밥', '쫄면삼겹살', '수육과무쌈', '밀푀유소고기나베', '즉석떡볶이', '복숭아꽃술750ml']"
삼구포차 경희대점,서울 동대문구 이문로 25 회기동 근린생활시설,"['왕계란말이', '부대찌개', '60cm정보소세지', '바삭바삭감자전', '한입양념갈비']"
샹그라경희대점,서울 동대문구 경희대로 19,"['잡탕밥', '자연송이모듬버섯 덮밥', '유산슬밥', '수초면', '고추잡채덮밥', '게살 XO 볶음밥', '마파두부밥', '잡채밥', '후난 볶음밥', '삼선볶음밥', '소고기볶음밥', '자장밥', '유니자장면', '삼선자장면', '삼선짬뽕']"
종로김밥 경희대점,서울 동대문구 경희대로 9,"['야채김밥', '치즈김밥', '갈비만두']"
피자스쿨 경희대점,서울 동대문구 회기로 170,"['치즈피자', '페퍼로니피자', '콤비네이션피자', '포테이토피자', '불고기피자', '직화파인애플피자', '고구마피자', '핫치킨피자', '나폴리피자', '스테이크피자', '까르보네피자', '아이리쉬포테이토피자', '깐쇼새우피자', '도이치바이트피자', '야채퀘사디아피자']"
설빙 서울 회기역점,서울 동대문구 회기로 193,['설빙']
소울숲,서울 동대문구 망우로21가길 4 2층,"['1-5인', '6-10인', '11-20인', '21-25인', '26-30인']"
곱창이야기경희대점,서울 동대문구 회기로 135,"['곱창모둠', '소곱창', '한우소곱창', '소대창', '소막창']"
신촌설렁탕,서울 동대문구 경희대로 20,"['설렁탕', '갈비탕', '신촌탕', '도가니탕', '우족탕']"
고기야미안해,서울 동대문구 경희대로4길 20,"['전어', '회덮밥', '알밥', '통우럭매운탕', '알고니매운탕']"
굿아임찜닭,서울 동대문구 경희대로1가길 16-1,"['굿아임찜닭中', '뼈버린순살찜닭中', '묵은지찜닭中', '콩나물제육볶음中', '치즈추가中']"
뚝배기감자탕,서울 동대문구 회기로21길 18 1층,"['감자탕 소(2~3인분)', '뼈찜 소(2~3인분)', '뚝배기감자탕', '뚝배기불고기', '우거지순대국', '고기순대', '감자탕 대(4~5인분)', '감자탕 중(3~4인분)', '뼈찜 대(4~5인분)', '뼈찜 중(3~4인분)', '보쌈정식']"
아웃닭 경희대점,서울 동대문구 회기로13길 19 1층,"['오리지날 프린스톤 후라이드치킨', '오리지널양념치킨류', '린드필드후라이드순살치킨', '순살양념치킨류', '감자튀김모듬']"
봉화양꼬치,서울 동대문구 회기로 148-8,"['양꼬치', '닭똥집', '양심줄']"
마구로준,서울 동대문구 회기로 132 1층 마구로준,"['스페셜(리필1인)', '특(리필1인)', '마구로준(리필1인)', '참치모듬(단품)', '뱃살모듬(단품)', '혼마구로(단품)', '새우튀김(10pcs)']"
오뚝식당,서울 동대문구 회기로26길 14 1층,"['새우로제뽕', '곱창떡볶이', '오향장육', '트러플된장술밥', '소곱창구이', '항정수육', '스지전골', '양지국수', '곱창국수', '꿀토마토', '브리치즈구이', '양념생굴', '소곱창토마토스튜']"
육쌈냉면 경희대점,서울 동대문구 경희대로4길 6,"['육개장+숯불고기+공깃밥', '숯불고기 비빔밥', '숯불고기 덮밥', '떡만둣국+공깃밥', '비빔냉면+숯불고기']"
아인스카페,서울 동대문구 경희대로 5 가동 3층,"['계절과일파르페', '오렌지초코파르페', '아이스아메리카노', '프라푸치노', '녹차파르페']"
프리스타일,서울 동대문구 경희대로3길 5 지하1층,['Beer']
어흥식당,서울 동대문구 회기로13길 22 1층,['스테이크(중) 200g']
주문진,"서울 동대문구 경희대로1길 11 (회기동, 2층) 주문진",[]
고씨네 경희대점,서울 동대문구 경희대로1길 3 2층 201호,"['돈까스 카레', '스페셜 카레', '프리미엄 스페셜 카레', '계란후라이 추가 (토핑)', '돈까스 추가 (토핑)', '닭튀김 추가 (토핑)', '고로케 추가 (토핑)', '치즈 추가 (토핑)', '가스오부시 추가 (토핑)', '아사히 캔맥주', '콜라,사이다']"
고기하다,서울 동대문구 경희대로4길 64 1층,"['목살 600g', '삼겹살 600g', '목살 200g', '삼겹살 200g', '목살반 삼겹살반 600g', '소갈비살 500g', '소갈비살 250g', '김치찌개', '된장찌개']"
오리,서울 동대문구 회기로 149,[]
한신포차 경희대점,서울 동대문구 경희대로1길 10 1층,"['해물모둠볶음', '한신닭발', '해물떡볶이', '토마토소스계란말이', '한신통닭', '낙지볶음', '닭똥집', '치즈돼지고추장바베큐', '골뱅이무침', '계란말이', '계란찜', '옛날계란후라이', '오돌뼈', '소고기육전']"
카페 비반트,서울 동대문구 회기로21길 33,"['에스프레소', '아메리카노', '카페비엔나', '카페라떼', '카푸치노']"
YONG,서울 동대문구 회기로 156,"['용떡', '개매운용떡', '크림생맥주', '크림용떡', '매운크림용떡', '해물토마토용떡', '치킨텐더용떡', '크림커리용떡', '옛날떡볶이']"
키친요시노,서울 동대문구 회기로25길 4,"['카라아게', '치킨난반', '쇼가야키', '생등심 돼지 돈카츠', '등심 생 밀푀유 치즈돈카츠', '사케동', '연어구이', '우나기동', '닭갈비 정식']"
봉평메밀회기점,서울 동대문구 회기로 120,"['메밀(물,비빔)막국수', '메밀국수너비아니', '감자옹심이메밀칼국수', '들깨감자옹심이', '보쌈정식', '시래기황태국밥', '초당순두부', '메밀만둣국', '황태해장국', '메밀묵밥(냉,온)', '메밀보쌈(중)', '메밀보쌈(대)', '너비아니정식', '코다리정식', '대파육개장']"
내가찜한닭 경희대점,서울 동대문구 회기로21길 34,"['안동찜닭(소,중,대)', '고추장찜닭(소,중,대)', '치즈순살찜닭(소,중,대)']"
호텔글로리,서울 동대문구 경희대로1길 9 2층 호텔글로리,"['호텔황제전골', '딱새우회', '파스탕', '대창전골', '닭껍질튀김', '수족한상차림', '철판치즈족발', '스모어', '핫치킨피자', '호텔육회']"
뜰아래,서울 동대문구 회기로 128,"['매운갈비찜', '궁중갈비찜', '소갈비찜', '베이컨감자전', '모둠전', '소고기 육전', '소곱창전골', '매운크림갈비찜', '매운소갈비찜', '도토리묵무침', '뜰아래']"
더샵라이스,서울 동대문구 회기로25길 11 1층 더샵라이스,"['간장소고기덮밥', '매콤제육덮밥', '치킨가라아게덮밥']"
찌개애감동 경희의료원점,서울 동대문구 경희대로 23 경희의료원,[]
백수상회,서울 동대문구 경희대로1길 8-15 지하 1층,"['스위스 감자전', '밀푀유나베', '국물떡볶이']"
푸드정원,서울 동대문구 이문로1길 29,[]
1971바,서울 동대문구 경희대로1길 8-17,[]
두레박,서울 동대문구 경희대로3길 29,"['돼지갈비', '제주흑오겹살', '삼겹살', '목살', '불고기전골', '쌈정식']"
타이인플레이트,서울 동대문구 이문로 17-26 1층,"['팟타이', '나시고랭', '양지차돌쌀국수', '매운쌀국수', '팟씨유', '카오팟', '푸팟퐁커리+밥', '반미샌드위치', '돼지고기버섯볶음']"
후퉁리,서울 동대문구 경희대로3길 17 지하 1층,['양고기탕']
매머드커피 경희대점,서울 동대문구 경희대로 22,[]
씨썬샌드,서울 동대문구 경희대로1길 8-7,[]
동대문엽기떡볶이 경희대점,서울 동대문구 경희대로 8,"['엽기떡볶이', '엽기오뎅', '엽기반반', '2인떡볶이', '엽기닭볶음탕', '엽기 국물닭발', '엽기 무뼈닭발', '엽기 통닭발', '엽기 닭날개', '엽기 오돌뼈', '버터꿀봉-달콤치즈', '버터꿀봉-매콤땡초', '고추맵봉-달콤치즈', '고추맵봉-매콤땡초', '계란야채죽']"
도마,서울 동대문구 경희대로1길 27 1층 도마,['도마모듬1']
홍익짬뽕 경희대점,서울 동대문구 회기로13길 18 1층,"['짬뽕', '짜장면', '찹쌀탕수육', '왕군만두(5p)']"
풍천장어굴보쌈,서울 동대문구 회기로 115 1층 풍천장어굴보쌈,"['장어정식', '매생이 굴국', '굴영양밥', '반마리장어정식', '김치보쌈', '굴보쌈', '콩나물굴국', '보쌈김치추가']"
예스 투엔디 경희대점,서울 동대문구 경희대로3길 10,"['매운오돌뼈와 주먹밥', '블루베리 요거트과일', '상큼와인화채', '해산물치즈떡뽂이', 'SET A 얼큰해물짬뽕+중화깐풍기', 'SET B 간사이오뎅탕+오코노미야끼']"
에스제이1001,서울 동대문구 경희대로3길 38 지하1층,[]
마포화곱창 전농점,서울 동대문구 서울시립대로 164 B1층,"['한우소곱창모둠', '곱창전골', '소곱창모둠', '미나리곱삼(2인이상)']"
달콩,서울 동대문구 회기로 124-1 1층 달콩,"['더치아메리카노', '달콩 밀크티', '몽키매직']"
경호야,서울 동대문구 회기로 131,"['점심특선 초밥10pcs', '호야 초밥 12pcs', '경호야 초밥 12pcs', '특호야 12pcs', '생연어 초밥 12pcs', '소고기 초밥 12pcs', '참치 초밥 12pcs', '1인사시미', '활전복사시미(6마리)', '연어 사시미', '연어&광어 사시미', '광어 사시미', '모듬 사시미', '참치회', '참치머리 사시미']"
치맥파이브 경희대점,서울 동대문구 회기로21길 8-6,['치킨']
팔레트,서울 동대문구 경희대로4길 72 2층 팔레트,"['하우스와인 1잔', '와인1병(모든종류)']"
인생소곱창 회기본점,서울 동대문구 회기로21길 9 1층 인생소곱창,"['인생한우곱창 (230g)', '모듬곱창 (530g)', '인생대창  (200g)', '막창  (200g)', '우삼겹  (200g)', '염통 (200g)', '주먹밥']"
락식락당,서울 동대문구 경희대로4길 6 지하1층 락식락당,"['광양식불고기덮밥', '직화제육덮밥', '돈가스덮밥', '치즈돈가스덮밥', '새우튀김덮밥', '연어덮밥', '불랄라비빔밥', '매운오징어덮밥', '항정살곰탕면', '김치찌개라면', '매운고기라면', '락모닝', '닭고기덮밥', '감자고로케', '타코야끼']"
소리울,서울 동대문구 경희대로1길 5,[]
소주향포차 경희대2호점,서울 동대문구 회기로19길 11 지하,['안주']
써브웨이 경희대점,서울 동대문구 경희대로4길 6,"['로스트 치킨', 'K-바비큐', '써브웨이 멜트', '비엘티', '미트볼', '햄', '참치', '터키', '베지', '스테이크 & 치즈', '스파이시 이탈리안', '치킨데리야끼', '세트 메뉴 추가', '블랙 포레스트햄 & 에그, 치즈', '웨스턴, 에그 & 치즈']"
신룽푸마라탕 경희대입구점,서울 동대문구 경희대로6길 3-10,"['마라탕', '마라샹궈', '마라반', '꿔바로우(대)', '마라롱샤']"
남원추어탕 다두락,서울 동대문구 회기로 160-1 1~2층,[]
사시미래,서울 동대문구 경희대로4길 76,"['숙성사시미 1인', '숙성사시미 2인', '숙성사시미 3인']"
프라자호프,서울 동대문구 경희대로4길 64,[]
블루차이나,서울 동대문구 회기로 116 1층(회기동),[]
가장맛있는족발 경희대점,서울 동대문구 회기로 152,"['족발(뒷발 中)', '족발(앞발 大)', '흑마늘족발(뒷발 中)', '흑마늘족발(앞발 大)', '허니 마늘족발(뒷발 中)', '허니 마늘족발(앞발 大)', '바베큐 마늘족발(뒷발 中)', '바베큐 마늘족발(앞발 大)', '직화불족발(뒷발 中)', '직화불족발(앞발 大)', '보쌈 大', '냉채족발', '반반족발(족발+불족)(뒷발 中)', '반반족발(족발+불족)(앞발 大)', '가족의족보(족발+보쌈)(뒷발 中)']"
빨간집포차,서울 동대문구 회기로21길 9,"['계란말이, 똥집, 오돌뼈, 오뎅탕', '두부김치, 돼지찌개, 한치, 먹태', '대하구이, 오징어볶음, 꼼장어, 닭발', '닭볶음탕']"
플렉스빌,서울 동대문구 회기로21길 6 지하,"['레드와인', '치즈플래터', '하우스와인', '화이트와인', '스파클링와인', '하몽x메론', '칵테일', '뱅쇼', '브리치즈구이', '감바스알아히요', '토마토 카프레제', '참치 카나페', '순살고추치킨', '버팔로윙', '쥐포']"
JB파스타,서울 동대문구 회기로25길 18,"['고르곤졸라', '마르게리따', '루꼴라(매콤)', '뽀모도로', '아라비아따', '알리오올리오', '봉골레', '까르보나라오리지널', '엔쵸비', '풍기', '까르보나라', '감베로니']"
해나루초밥,서울 동대문구 경희대로 3-1,"['모듬초밥 10p+우동', '커플초밥20p+식사+면+새우튀김2p+콘치즈', '레이디초밥 12p+우동', '특선초밥 12p+우동', '스페살초밥14p+우동+새우튀김', '모둠직화 불초밥 12p']"
불란서삼겹살 경희대점,서울 동대문구 경희대로4길 8,"['훈연그릴삼겹살(무한리필)', '숙성통삼겹살(무한리필)', '불란서쫄면', '마녀떡볶이', '불란서부대찌개(2인이상)', '포크고기냉면SET', '물냉면/비빔냉면', '볶음밥', '공기밥']"
남도식당,서울 동대문구 이문로 17-26,[]
서봉포차 본점,서울 동대문구 회기로 146-1,"['가리비구이', '꼬막', '석화', '햄김치전골', '매운김치오뎅탕', '서봉조개탕', '낚지볶음소면', '양푼골뱅이소면', '왕치즈계란말이']"
석호닭한마리,서울 동대문구 회기로16길 5-1,[]
라무진 회기점,서울 동대문구 회기로23길 6,"['양갈비', '하이볼', '프렌치랙', '양고기']"
들개,서울 동대문구 경희대로1길 13,[]
닭발매운맛에미쳐,서울 동대문구 회기로21길 3,"['통뼈직화닭발', '무뼈직화닭발', '통뼈국물닭발', '무뼈국물닭발', '오돌뼈 (매운맛,중간맛 선택가능', '통뼈닭발+오돌뼈+계란찜+주먹밥', '무뼈닭발+오돌뼈+계란찜+주먹밥', '통뼈국물닭발+계란찜+주먹밥+쿨피스', '무뼈국물닭발+계란찜+주먹밥+쿨피스', '대왕계란말이', '황도', '연어샐러드', '감바스', '바지락술찜', '얼큰소불고기버섯전골']"
모나코,서울 동대문구 회기로13길 18,[]
인생소곱창 회기본점,서울 동대문구 회기로21길 9 1층 인생소곱창,"['인생한우곱창 (230g)', '모듬곱창 (530g)', '인생대창  (200g)', '막창  (200g)', '우삼겹  (200g)', '염통 (200g)', '주먹밥']"
강호원룸,서울 동대문구 회기로12길 14,[]
맵당 경희대점,서울 동대문구 경희대로3길 22 2층 맵당,"['매운갈비찜 (1인분)', '통오징어사리', '네모도시락', '마요네즈참치주먹밥', '셀프주먹밥', '치즈사리/물만두사리(15pcs)', '각종사리', '셀프볶음밥', '계란찜', '치즈계란찜', '감자튀김치즈퐁듀']"
교촌치킨 경희대점,서울 동대문구 경희대로3길 20,"['교촌오리지날', '교촌레드오리지날', '교촌허니오리지날', '교촌반반오리지날', '교촌라이스세트', '교촌살살치킨', '교촌소이살살', '교촌살살미니', '교촌후라이드']"
탕화쿵푸마라탕,서울 동대문구 경희대로 5,"['마라탕 100g', '마라향궈 100g', '꿔바로우', '마라반', '볶음면', '전병(2장)']"
저스트비,서울 동대문구 회기로23길 57,"['아메리카노(매장이용)', '싱글오리진(매장이용)', '카페라떼(매장이용)', '바닐라라떼(매장이용)', '카페모카(매장이용)']"
커피블랑,서울 동대문구 회기로19길 16 1층 커피블랑,"['죠리퐁 크러쉬', '아포가토', '아이스 아메리카노', '수제오미자에이드', '딸기 요거트 스무디', '청포도 에이드', '마쉬멜로우 초코라떼 아이스']"
낙원스낵 경희대점,서울 동대문구 경희대로1길 15,"['하프', '빙맥', '바질페스토', '허니포테이토', '베이컨체다치즈', '페페로니', '불고기', '하와이안', '스파이시할라피뇨', '치즈', '마약옥수수', '윙앤칩스', '그릴드소세지', '낙원프라이즈', '슬라이스']"
그릭데이 경희대점,서울 동대문구 회기로23가길 22 1층 그릭데이,['요거트']
공릉동원조멸치국수 경희대점,서울 동대문구 경희대로 16,"['멸치국수', '비빔국수', '칼국수', '수제비/칼제비', '얼큰칼국수', '칼만두', '만두국/떡만두국', '김치만두 (3개)', '고기만두 (3개)']"
쭈꾸미본색,서울 동대문구 회기로21길 23,"['불향쭈꾸미', '철판쭈꾸미', '철판차돌쭈꾸미', '블랙피자세트', '불향제육', '철판삼겹쭈꾸미', '불향쭈꾸미정식(점심특선)', '쭈삼겹철판정식(점심특선)']"
냠냠분식,서울 동대문구 경희대로3길 38,"['김치볶음밥', '참치김치볶음밥', '제육덮밥']"
"진키친x밤엔,술집",서울 동대문구 회기로21길 8 1층 진키친,"['가라아게정식', '부타가쿠니(간장삼겹)', '오므라이스', '오차즈케(명란구이)', '간장새우', '간장연어']"
미연마라탕,서울 동대문구 경희대로1가길 4,"['꿔바로우', '위샹러우쓰', '향라새우', '마파두부', '토마토계란', '햘라러우쓰']"
그레이스,서울 동대문구 경희대로1길 18 2층,"['위스키', '보드카', '맥주', '칵테일']"
쿠웨이트떡볶이 회기점,"서울 동대문구 이문로1길 8-13 1,2층","['오일세트', '쿠웨이트세트2', '쿠웨이트떡볶이', '오뎅탕', '쿠웨이트김밥', '튀김한소쿠리']"
빅문,서울 동대문구 회기로26길 6 지하층,"['제리 치즈케이크', '수제생맥주 6종', '레드락', '감바스파스타', '스모어', '하울 플래터']"
밥은화 경희대점,서울 동대문구 경희대로6길 3-2 지하 밥은화,"['돼지숙주', '스팸마요', '참치마요', '치킨마요', '제육덮밥', '쭈꾸미숙주', '숙주라면', '치킨까스', '한입만두', '통새우볼', '닭껍질교자', '매콤황태숙주']"
카페 드넬,"서울 동대문구 회기로19길 23 유경빌딩 1층, 지하1층","['아인슈페너', '크림라떼', '아메리카노', '코코넛커피스무디', '아메리카노 사이즈업', '카페라떼', '카페라떼 사이즈업', '아이리쉬 라떼', '바닐라라떼', '카라멜 마끼아또', '도피오 마끼아또', '말차라떼', '초코라떼', '밀크티', '아이스티']"
에그드랍 경희대점,서울 동대문구 경희대로4길 1,"['미스터 에그', '베이컨 더블 치즈', '아메리칸 햄 치즈', '데리야끼 바베큐', '갈릭 베이컨 치즈', '아보홀릭']"
스시훈,서울 동대문구 경희대로3길 27,"['오늘의초밥', '훈모듬초밥', '특선모듬초밥', '광어초밥', '연어초밥']"
국내산 귀한족발 회기점,서울 동대문구 회기로 162-1,[]
따띠삼겹 회기점,서울 동대문구 이문로 39 1층,"['간딴삼겹', '간딴삼겹 곱배기', '간딴삼겹 고기만', '고기 추가']"
순자카페,서울 동대문구 회기로16길 5 1층 순자카페,"['고창복분자 라떼/에이드', '1리터아메리카노', '마카롱', '아메리카노', '카페라떼', '바닐라라떼', '카페모카', '카라멜라떼', '달고나 라떼', '달고나 카페라떼', '달고나 밀크티', '더치 아메리카노', '더치 라떼', '플레인요거트스무디', '딸기요거트스무디']"
키친요로시쿠,서울 동대문구 경희대로6길 4,"['치킨 카라아게', '치킨 난반', '밀푀유 치즈돈가스', '쇼가야끼', '사케동']"
시기네,서울 동대문구 회기로26길 6 1층,"['시기네 사시미', '시기네 술국', '아라비아따 스튜', '1인 사시미', '우니 반판 사시미', '메로 스테이크', '시메사바', '10월 생굴베사멜크림고로케', '10월 매콤와규버섯전골', '10월 지중해감성 가리비찜', '10월 와규스키야키', '10월 제철낙지대패삼겹']"
리후찬팅,서울 동대문구 회기로 137 회기파출소맞은편,"['꿔바러우', '해물마라탕', '해물볶음면', '해물짬뽕', '중국냉면', '탕수육', '해물 파면', '유린지', '토마토소고기탕면']"
도시락파스타,서울 동대문구 회기로19길 18 2층,"['알리오 올리오', '포모도로', '알프레도', '까르보나라', '감베띠에 까비알레(날치알새우크림)', '감베띠에 할라피뇨(새우할라피뇨)', '아마트리치아나', '봉골레', '푸타네스카', '네로(오징어먹물파스타)', '크림스테이크파스타', '토마토스테이크파스타', '로제파스타(치킨,새우,아라비아따)', '스테이크샐러드', '외에도 20가지 넘는 메뉴가 다양하게 있습니다']"
부리또인 경희대점,서울 동대문구 회기로19길 18 1층,"['모짜렐라 부리또', '음료사이드세트(베이직+사이드1+음료1)', '베이직 부리또', '감자부리또', '더블치즈 부리또', '치킨텐더 부리또', '새우부리또', '소시지 부리또', '감자튀김(사이드)', '새우튀김(사이드)', '치킨텐더(사이드)', '치즈스틱(사이드)', '체다치즈 후라이즈', '에그부리또', '소고기 부리또']"
바나프레소 회기역사거리점,서울 동대문구 회기로 176,['시그니처 크리미라떼']
꼴목 경희대점,서울 동대문구 경희대로1길 8-13 1층,"['매운갈비찜', '오돌뼈&주먹밥', '닭발(무뼈)주먹밥', '통돼지철판구이', '조개탕', '돼지부추볶음', '순대볶음', '삼치구이', '연탄불고기', '파인애플한통', '설탕토마토']"
꿀집포차,서울 동대문구 경희대로1길 8-13 2층,"['미정이(불닭볶음면+갈비삼겹/떡삼)', '육회', '순두부육개장전골', '2인한상', '콘치즈무뼈닭발', '김치우동나베', '어묵탕', '치즈계란말이', '치즈불닭', '해물라면', '차돌숙주볶음', '얼큰짬뽕탕', '양푼돼지김치찌개', '흑당빙수', '망고빙수']"
얼땅쟈,서울 동대문구 경희대로1길 8-7 2층,"['꼬챙이', '모든탕', '연태고량(중)', '연태고량(대)', '강소백 ', '로주탄(중)', '로주탄(대)', '카스/테라', '처음처럼/참이슬', '칭따오 ', '콜라/사이다', '중국음료수 ', '초록색벅스', '노랑색벅스', '주황색벅스 ']"
바나프레소 경희대점,서울 동대문구 경희대로4길 1,['시그니처 크리미라떼']
사리원돼지국밥 경희대직영점,"서울 동대문구 경희대로 9 ,2층 사리원 돼지국밥",['돼지국밥']
더 벙커 보드게임카페,서울 동대문구 회기로21길 34 지층 더 벙커,"['보드게임 1 시간', '보드게임 30분', '보드게임 15분', '음료&간식']"
에잇올리,서울 동대문구 경희대로6길 3-2 1층,"['슈퍼말차라떼', '아메리카노', '라떼', '카푸치노', '바닐라라떼', '아인슈페너', '초코아인슈페너', '크림브륄레 슈페너', '발로나 더블핫초코', '발로나체리핫초코', '부라타토마토파스타', '베이컨크림페투치니', '알리오올리오스파게티', '매콤치킨로제스파게티', '치킨시저샐러드']"
뚱보집 경희대점,서울 동대문구 경희대로1가길 3,"['벌집껍데기 160g', '고기모듬 400g', '모소리살 120g', '가오리살 120g', '꼬들살 120g', '오겹살 120g']"
코지인무르무르,서울 동대문구 회기로 139 2층,"['바질&토마토', '스캘럽&쉬림프', '파스타마르게리타', '트러플크림파스타 ', '이베리코통목살스테이크']"
인생설렁탕 경희대점,서울 동대문구 경희대로 9-1 1층,"['인생설렁탕', '옛날 불고기', '스지설렁탕', '시래기된장설렁탕', '얼큰수육전골', '불스지', '물국수', '비빔국수', '육쌈밀전', '만두', '곱창전골']"
놀스캘리,서울 동대문구 경희대로1가길 42 1층,"['연어롤', '구운연어롤', '새우튀김롤', '연어크림치즈롤']"
만권화밥 경희대점,서울 동대문구 경희대로 23 전면플라자 문화복지센터 1층,[]
미플 보드게임,서울 동대문구 회기로 150 B1,"['1시간', '15분', '종일 요금제 (음료포함)', '캔음료', '스낵']"
카페 드넬,"서울 동대문구 회기로19길 23 유경빌딩 1층, 지하1층","['아인슈페너', '크림라떼', '아메리카노', '코코넛커피스무디', '아메리카노 사이즈업', '카페라떼', '카페라떼 사이즈업', '아이리쉬 라떼', '바닐라라떼', '카라멜 마끼아또', '도피오 마끼아또', '말차라떼', '초코라떼', '밀크티', '아이스티']"
카페 에이유,서울 동대문구 경희대로1가길 12,"['돌체라떼', '피주키', '아메리카노', '수제 자몽에이드', '브라우니 알라모드', '크로크무슈']"
카페몰로,서울 동대문구 회기로 163 1층,"['아보카도샌드위치', '버섯샐러드', '오렌지에이드', '크림아메리카노', 'TWG Silver moon', '앙게트', '오레오프라페', '아메리카노', '카페라떼', '아보카도리코타샐러드', '잉글리쉬브랙퍼스트', '요거트볼', '무화과 깜파뉴', '새우샌드위치']"
라온당구클럽,서울 동대문구 경희대로3길 2,[]
미스사이공 경희대점,서울 동대문구 경희대로 5-1,"['소고기 쌀국수', '분짜(Bun Cha)', '닭 쌀국수', '사이공 볶음밥', '사이공 볶음면', '숯불덮밥']"
달콤 경희의료원본관점,서울 동대문구 경희대로 23 본관1층 달콤커피 경희의료원본관점,"['아메리카노_달콤 시그니처', '큐브', '허니큐브', '베리큐브', '망고큐브', '허니몽']"
우차이,서울 동대문구 경희대로4길 5 지층,"['탕수육', '짜장면', '짬뽕', '마라짬뽕', '하얀짬뽕']"
쓰리로보스,서울 동대문구 회기로13길 20 1층,"['치킨로스트', '콜드컷 소세지', '매운홍합찜']"
호식이두마리치킨 회기점,서울 동대문구 회기로25길 16 1층 호식이두마리치킨 회기점,"['청양한 고추마요&양념마요', '간장치킨/매운간장치킨', '불짬뽕치킨뿌라이드치킨(시즈닝)', '땡초불꽃치킨', '오리지널 후라이드치킨', '양념치킨/매운양념치킨', '플라윙세트', '스윗츠갈릭치킨', '불짬뽕치킨']"
참말로좋수닭 273,서울 동대문구 회기로 160 1층 참말로좋수닭 273,"['참말로 크리스피(후라이드 신선 국내산', '순살 안심 M (국내산)', '순살 다리 M (국내산)', '순살 안심 다리 L (국내산)', '273 세트 (후라이드+순살2종+웨지감자)', '참말로 치킨류 테이크아웃. 20%할인', '참말로 양념치킨 (국내산)', '순살 다리 양념 M (국내산)', '순살 다리 양념 L (국내산)']"
은행골,서울 동대문구 회기로 155,"['특상초밥', '특선초밥', '특미초밥', '풀코스(3~4인)', '반코스(2인)']"
964커피로스터리 회기점,서울 동대문구 망우로21길 63,"['아메리카노', '라떼', '플랫화이트', '바닐라라떼', '모카', '에스프레소그린티라떼', '아인슈페너', '에스프레소바닐라라떼', '콜드브루', '콜드브루라떼', '아포가토', '레몬티', '패션후르츠티', '레몬에이드', '패션후르츠에이드']"
진이푸드,서울 동대문구 회기로 126,[]
두들이네,서울 동대문구 회기로21길 33 지하1층,"['스지 수육 (대)', '스지 수육 (중)', '새우 감빠스 10마리', '새우 감빠스 20마리', '오돌뼈', '국물떡볶이']"
왔다갔다,서울 동대문구 회기로23길 59 104호,['칵테일']
조개삼국지,서울 동대문구 회기로13길 9 2층,"['조개찜 2인', '삼국지전골 2인', '조개찜 3인', '조개찜 4인', '삐뚤이소라 초무침', '해물짬뽕']"
루트25,서울 동대문구 회기로25길 16,['오렌지주스']
60계 치킨 서울회기점,서울 동대문구 회기로 154,['치킨 가격은 매장마다 차이가 있습니다.']
알로카시아 인더테라스,서울 동대문구 회기로 123 1층 알로카시아인더테라스,"['아메리카노', 'Fresh Juice 청포도,딸빠, 빠망, 자몽, 키위', '알로카시아 드링크', '목화소다 레몬청포도, 자몽, 블루레몬', '목화 라떼 초콜릿, 딸기', '알로카시아 플라워에이드', '비타민티 레몬, 자몽, 오미자, 유자, 대추&생강', '알로카시아 프루츠 티', '화이트 라떼 밀크티, 초콜릿, 녹차, 고구마', '힐링에이드 자몽, 키위, 망고, 딸기', '러블리 아이스 딸기, 망고, 초코, 딸기치즈', '스노우 눈꽃빙수', '요거트 스무디 딸기, 망고, 블루베리', '마리아쥬 홍차 웨딩임페리얼, 마르코폴로, 얼그레이', '수프 밤&팥, 양송이, 콘치즈']"
노브랜드버거 경희대점,서울 동대문구 회기로 144,"['NBB 시그니처', '그릴드 불고기', '미트마니아', '산체스']"
배스킨라빈스 경희대,서울 동대문구 경희대로4길 2,"['싱글레귤러', '싱글킹', '더블쥬니어', '더블레귤러', '파인트', '쿼터', '패밀리', '하프갤론']"
세븐일레븐 경희대4호점,서울 동대문구 회기로 129,[]
파스쿠찌 경희의료원점,서울 동대문구 경희대로 23 본관1층,"['오리지널 드립커피 R', '오리지널 드립커피 L', '아메리카노 R', '아메리카노 L', '카페라떼 R', '카페라떼 L', '카라멜 라떼 마끼아또 R', '카라멜 라떼 마끼아또 L', '바닐라 라떼 마끼아또 R', '바닐라 라떼 마끼아또 L']"
세븐일레븐 경희대2호점,서울 동대문구 회기로 147,[]
스타벅스 회기역사거리점,서울 동대문구 이문로 37,"['카페 아메리카노', '카페 라떼', '스타벅스 돌체 라떼', '카라멜 마키아또', '카푸치노', '카페 모카', '화이트 초콜릿 모카', '콜드 브루', '자몽 허니 블랙 티', '아이스 자몽 허니 블랙 티', '망고 바나나 블렌디드', '에스프레소 프라푸치노', '자바 칩 프라푸치노']"
떼루와 회기점,서울 동대문구 이문로 29,[]
커피하이,서울 동대문구 경희대로1가길 34,"['아메리카노', '드립백 커피', '더치커피']"
배트콩,서울 동대문구 경희대로4길 52 1층 배트콩 커피숍,"['에스프레소', '아메리카노', '카페라떼', '카푸치노', '바닐라라떼', '카라멜모카', '카라멜 마끼아또', '배트라떼', '월남라떼', '정글라떼', '카페아인슈페너', '배트오렌지', '블루라떼', '더치커피', '자몽에이드']"
양자호떡 회기본점,서울 동대문구 회기로 161 1층 양자호떡 본점,"['잡채호떡', '꿀호떡', '매콤잡채호떡', '오레오 꿀호떡', '아이스크림호떡', '고구마꿀호떡', '뿌링꿀호떡 ', '인절미꿀호떡 ']"
세븐일레븐 경희의료원점,서울 동대문구 경희대로 23 경희의료원 본관 1층,[]
스타벅스 회기역사거리점,서울 동대문구 이문로 37,"['카페 아메리카노', '카페 라떼', '스타벅스 돌체 라떼', '카라멜 마키아또', '카푸치노', '카페 모카', '화이트 초콜릿 모카', '콜드 브루', '자몽 허니 블랙 티', '아이스 자몽 허니 블랙 티', '망고 바나나 블렌디드', '에스프레소 프라푸치노', '자바 칩 프라푸치노']"
너나들이 만화카페,서울 동대문구 회기로13길 19 지층 너나들이 만화카페,"['6시간 + 카페음료', '나들이 시간 요금제', '2시간 + 카페음료', '3시간 + 카페음료', '이용요금의 10% 적립', '2시간 + 카페음료 + 허니브레드 (2인)', '2시간 + 카페음료 + 라면', '2시간 + 카페음료 + 볶음밥']"
달리는커피 회기점,서울 동대문구 경희대로4길 74,"['에스프레소', '아메리카노', '카페라떼/카푸치노', '바닐라라떼', '카페모카']"
설빙 서울 회기역점,서울 동대문구 회기로 193,['설빙']
회기마루작은도서관,서울 동대문구 경희대로3길 56 연화사법당,[]
카페 오크라,서울 동대문구 회기로21길 26,[]
GS25 경희원룸점,서울 동대문구 이문로3길 66,[]
더착한커피 경희대점,서울 동대문구 경희대로 23 전면플라자 문화복지센터 1층,[]
스터디빈 카페,서울 동대문구 회기로21길 34,[]
마시그래이 경희대점,서울 동대문구 경희대로 20,['24온즈 아메리카노']
북촌손만두 경희대점,서울 동대문구 경희대로 23 전면플라자 문화복지센터 지하1층,[]
진한커피,서울 동대문구 회기로12길 10,"['아메리카노', '티라미스라떼', '카페라떼', '치즈케익슬러시', '바닐라라떼']"
CU 카이스트점,서울 동대문구 회기로 119,[]
연희김밥 경희대점,서울 동대문구 경희대로4길 60 101호,"['오참김밥', '소고기김밥', '연희김밥', '오징어 김밥', '꼬마 김밥/오징어 꼬마김밥', '꼬장김밥 (고추 +장조림))', '오징어김밥', '장조림김밥', '참치김밥', '치즈김밥', '멸치김밥', '매콤멸치김밥', '떡갈비김밥', '매콤떡갈비김밥', '고추김밥']"
투썸플레이스 경희대점,서울 동대문구 경희대로 7-1,"['아메리카노', '아이스크림 카페 라떼', '달고나 카페 라떼', '커피젤리 카페 라떼']"
3POP PC방 경희대점,서울 동대문구 경희대로1길 8-11 지층,[]
프롬올리비아,서울 동대문구 경희대로4길 22,"['포토케이크', '플라워케이크', '오늘의 케이크', '크림꽃 장식케이크', '명품 케이크']"
스타벅스 경희대삼거리점,서울 동대문구 회기로 141,"['카페 아메리카노', '카페 라떼', '스타벅스 돌체 라떼', '카라멜 마키아또', '카푸치노', '카페 모카', '화이트 초콜릿 모카', '콜드 브루', '자몽 허니 블랙 티', '아이스 자몽 허니 블랙 티', '망고 바나나 블렌디드', '에스프레소 프라푸치노', '자바 칩 프라푸치노']"
아이닉스PC방,서울 동대문구 경희대로 2,[]
백씨네콩다방,서울 동대문구 회기로21길 3 2층,"['아메리카노', '유기농티', '수제레몬차']"
GS25 경희점,서울 동대문구 경희대로3길 2,[]
파파독스,서울 동대문구 회기로 151,['입장료+음료']
GS25 경희대학사점,서울 동대문구 경희대로 26 서울캠퍼스 공공기숙사1층,[]
이디야커피 경희대점,서울 동대문구 경희대로 4,"['카페 아메리카노', '카페 라떼', '바닐라 라떼', '토피 넛 라떼']"
그라찌에 경희대행복기숙사점,서울 동대문구 경희대로 26,[]
퀴즈노스 경희의료원점,"서울 동대문구 경희대로 23 경희의료원부속동 전면프라자 1층 2,3호","['트레디셔널(R) 샌드위치', '블랙 앵거스 & 트러플 스테이크', '이탈리안(R) 샌드위치', '더블 베이컨 비엘티(R) 샌드위치', '리코타 베지 & 아보카도(R) 샌드위치', '치폴레 쉬림프(R) 샌드위치', '불고기 스테이크 & 김치', '더블 치즈 스테이크(R) 샌드위치', '제스티 그릴드 스테이크(R) 샌드위치', '치킨 까르보나라(R) 샌드위치', '치킨 베이컨 랜치(R) 샌드위치', '허니 머스타드 치킨(R) 샌드위치', '크레이지 핫 치킨(R) 샌드위치', '제스티 & 버번 치킨', '터키 & 아보카도(R) 샌드위치']"
아마스빈 경희대점,서울 동대문구 경희대로 6,"['아메리카노', '바닐라 아메리카노', '헤이즐럿 아메리카노', '카페라떼', '바닐라라떼']"
세븐일레븐 회기해피파크점,서울 동대문구 이문로 19,[]
세븐일레븐 경희대대현점,서울 동대문구 회기로 163,[]
경희대학교 경영대카페,서울 동대문구 경희대로 26,[]
경희대학교간호이과대카페,서울 동대문구 경희대로 26,"['에스프레소', '아메리카노', '초코라떼', '그린티라떼', '레몬에이드']"
CU 경희원룸점,서울 동대문구 회기로18길 12 1층,[]
녹원,서울 동대문구 경희대로 14 지하 1층,"['녹원 양갱', '석류국화차', '순수레몬홍차', '오후 12시차', '오후 3시차', '저녁 6시차', '흑임자꼬숩이', '쑥꼬숩이', '보은 대추차', '모과차', '미숫가루']"
컴투레스트,서울 동대문구 회기로 161-11 1층,"['아메리카노', '라떼', '쑥-라떼', '드립커피', '아인쑥페너', '말차테린느', '치즈테린느', '흑임자치즈케이크']"
파스쿠찌 경희의료원키오스크점,서울 동대문구 경희대로 26 경희의료원 후마니스타스 암병원 1층,['아메리카노']
랭스터디카페 경희대점,서울 동대문구 회기로 163 2층 랭스터디카페 경희대점,"['1시간권', '아메리카노']"
긱스타 PC CAFE,서울 동대문구 경희대로1길 8-6,[]
GS25 청량현대점,서울 동대문구 이문로1길 21,[]
그옛날1947왕만두 경희대점,서울 동대문구 회기로 171-2,"['고기왕만두5개', '김치왕만두5개', '고기통만두8개', '김치통만두8개', '옛날찐빵5개', '반반통만두 8개', '모듬만두 9개', '새우만두 5개', '구운만두 8개']"
3S PC방,서울 동대문구 경희대로1길 10,[]
CU 경희대점,서울 동대문구 경희대로4길 15,[]
달콤커피 경희의료원점,서울 동대문구 경희대로 23 경희의료원 부속동 지상 2층 달콤커피 경희의료원점,"['아메리카노 시그니처', 'ICE 큐브', 'ICE / HOT 허니몽', '베리큐브/허니큐브', '말차큐브/말차카페큐브', '망고큐브', '흑당 아인슈페너']"
해피니스디저트,서울 동대문구 경희대로 9-1 Happiness Dessert 妖开心甜品,"['버블 밀크티', '솽피나이(홍콩식 우유푸딩) 双皮奶', '크렘 브륄레 [creme brulee] 焦糖布蕾', '두유 케이크 豆乳盒子', '빤지(홍콩식 팬케이크) 班戟', '코코넛 푸딩 椰奶冻', '딴황수 蛋黄酥', '양즈간루 杨枝甘露', '아메리카노', '위위안(대만식 토란떡 녹은빙수) 芋圆', '모찌 雪媚娘', '로우쏭 샤우베이 肉松小贝']"
팔공티 경희대점,서울 동대문구 경희대로4길 2 1층 팔공티,"['밀크티', '홍차', '우롱티', '레몬 블랙티', '아메리카노']"
언에브릴,서울 동대문구 회기로26길 22 1층,"['휘낭시에', '케이크', '레몬위크엔드', '스콘']"
GS25 경희의대점,서울 동대문구 회기로23가길 21 1층(회기동 3-4),[]
호이차 회기역점,서울 동대문구 회기로 157 1층 호이차,"['흑당버블티', '쿠앤쿠스무디', '치즈폼 블랙밀크티', '블랙밀크티+펄', '라지 사이즈 커피', '초코 / 타로 / 말차 버블티', '흑당밀크 / 흑당버블티', '흑당초코 / 흑당타로 / 흑당말차', '치즈폼 + 블랙밀크티 +펄', '치즈폼 + 초코/타로/말차 버블티', '오리지널티', '블렌딩 티', '히비스커스애플티 / 유자애플그린티', '19곡물 라떼', '말차샷라떼']"
아이센스리그PC 경희대본점,서울 동대문구 경희대로1가길 4,[]
내가쉐프라면 경희대1호점,서울 동대문구 이문로 37,[]
Cafe H,서울 동대문구 회기로23가길 53,['아메리카노']
양자호떡 회기본점,서울 동대문구 회기로 161 1층 양자호떡 본점,"['잡채호떡', '꿀호떡', '매콤잡채호떡', '오레오 꿀호떡', '아이스크림호떡', '고구마꿀호떡', '뿌링꿀호떡 ', '인절미꿀호떡 ']"
세븐일레븐 경희의료원점,서울 동대문구 경희대로 23 경희의료원 본관 1층,[]
스타벅스 회기역사거리점,서울 동대문구 이문로 37,"['카페 아메리카노', '카페 라떼', '스타벅스 돌체 라떼', '카라멜 마키아또', '카푸치노', '카페 모카', '화이트 초콜릿 모카', '콜드 브루', '자몽 허니 블랙 티', '아이스 자몽 허니 블랙 티', '망고 바나나 블렌디드', '에스프레소 프라푸치노', '자바 칩 프라푸치노']"
너나들이 만화카페,서울 동대문구 회기로13길 19 지층 너나들이 만화카페,"['6시간 + 카페음료', '나들이 시간 요금제', '2시간 + 카페음료', '3시간 + 카페음료', '이용요금의 10% 적립', '2시간 + 카페음료 + 허니브레드 (2인)', '2시간 + 카페음료 + 라면', '2시간 + 카페음료 + 볶음밥']"
달리는커피 회기점,서울 동대문구 경희대로4길 74,"['에스프레소', '아메리카노', '카페라떼/카푸치노', '바닐라라떼', '카페모카']"
설빙 서울 회기역점,서울 동대문구 회기로 193,['설빙']
회기마루작은도서관,서울 동대문구 경희대로3길 56 연화사법당,[]
카페 오크라,서울 동대문구 회기로21길 26,[]
GS25 경희원룸점,서울 동대문구 이문로3길 66,[]
더착한커피 경희대점,서울 동대문구 경희대로 23 전면플라자 문화복지센터 1층,[]
스터디빈 카페,서울 동대문구 회기로21길 34,[]
마시그래이 경희대점,서울 동대문구 경희대로 20,['24온즈 아메리카노']
북촌손만두 경희대점,서울 동대문구 경희대로 23 전면플라자 문화복지센터 지하1층,[]
진한커피,서울 동대문구 회기로12길 10,"['아메리카노', '티라미스라떼', '카페라떼', '치즈케익슬러시', '바닐라라떼']"
CU 카이스트점,서울 동대문구 회기로 119,[]
연희김밥 경희대점,서울 동대문구 경희대로4길 60 101호,"['오참김밥', '소고기김밥', '연희김밥', '오징어 김밥', '꼬마 김밥/오징어 꼬마김밥', '꼬장김밥 (고추 +장조림))', '오징어김밥', '장조림김밥', '참치김밥', '치즈김밥', '멸치김밥', '매콤멸치김밥', '떡갈비김밥', '매콤떡갈비김밥', '고추김밥']"
투썸플레이스 경희대점,서울 동대문구 경희대로 7-1,"['아메리카노', '아이스크림 카페 라떼', '달고나 카페 라떼', '커피젤리 카페 라떼']"
3POP PC방 경희대점,서울 동대문구 경희대로1길 8-11 지층,[]
프롬올리비아,서울 동대문구 경희대로4길 22,"['포토케이크', '플라워케이크', '오늘의 케이크', '크림꽃 장식케이크', '명품 케이크']"
스타벅스 경희대삼거리점,서울 동대문구 회기로 141,"['카페 아메리카노', '카페 라떼', '스타벅스 돌체 라떼', '카라멜 마키아또', '카푸치노', '카페 모카', '화이트 초콜릿 모카', '콜드 브루', '자몽 허니 블랙 티', '아이스 자몽 허니 블랙 티', '망고 바나나 블렌디드', '에스프레소 프라푸치노', '자바 칩 프라푸치노']"
아이닉스PC방,서울 동대문구 경희대로 2,[]
백씨네콩다방,서울 동대문구 회기로21길 3 2층,"['아메리카노', '유기농티', '수제레몬차']"
GS25 경희점,서울 동대문구 경희대로3길 2,[]
파파독스,서울 동대문구 회기로 151,['입장료+음료']
GS25 경희대학사점,서울 동대문구 경희대로 26 서울캠퍼스 공공기숙사1층,[]
이디야커피 경희대점,서울 동대문구 경희대로 4,"['카페 아메리카노', '카페 라떼', '바닐라 라떼', '토피 넛 라떼']"
그라찌에 경희대행복기숙사점,서울 동대문구 경희대로 26,[]
퀴즈노스 경희의료원점,"서울 동대문구 경희대로 23 경희의료원부속동 전면프라자 1층 2,3호","['트레디셔널(R) 샌드위치', '블랙 앵거스 & 트러플 스테이크', '이탈리안(R) 샌드위치', '더블 베이컨 비엘티(R) 샌드위치', '리코타 베지 & 아보카도(R) 샌드위치', '치폴레 쉬림프(R) 샌드위치', '불고기 스테이크 & 김치', '더블 치즈 스테이크(R) 샌드위치', '제스티 그릴드 스테이크(R) 샌드위치', '치킨 까르보나라(R) 샌드위치', '치킨 베이컨 랜치(R) 샌드위치', '허니 머스타드 치킨(R) 샌드위치', '크레이지 핫 치킨(R) 샌드위치', '제스티 & 버번 치킨', '터키 & 아보카도(R) 샌드위치']"
아마스빈 경희대점,서울 동대문구 경희대로 6,"['아메리카노', '바닐라 아메리카노', '헤이즐럿 아메리카노', '카페라떼', '바닐라라떼']"
세븐일레븐 회기해피파크점,서울 동대문구 이문로 19,[]
세븐일레븐 경희대대현점,서울 동대문구 회기로 163,[]
경희대학교 경영대카페,서울 동대문구 경희대로 26,[]
경희대학교간호이과대카페,서울 동대문구 경희대로 26,"['에스프레소', '아메리카노', '초코라떼', '그린티라떼', '레몬에이드']"
CU 경희원룸점,서울 동대문구 회기로18길 12 1층,[]
녹원,서울 동대문구 경희대로 14 지하 1층,"['녹원 양갱', '석류국화차', '순수레몬홍차', '오후 12시차', '오후 3시차', '저녁 6시차', '흑임자꼬숩이', '쑥꼬숩이', '보은 대추차', '모과차', '미숫가루']"
컴투레스트,서울 동대문구 회기로 161-11 1층,"['아메리카노', '라떼', '쑥-라떼', '드립커피', '아인쑥페너', '말차테린느', '치즈테린느', '흑임자치즈케이크']"
파스쿠찌 경희의료원키오스크점,서울 동대문구 경희대로 26 경희의료원 후마니스타스 암병원 1층,['아메리카노']
랭스터디카페 경희대점,서울 동대문구 회기로 163 2층 랭스터디카페 경희대점,"['1시간권', '아메리카노']"
긱스타 PC CAFE,서울 동대문구 경희대로1길 8-6,[]
GS25 청량현대점,서울 동대문구 이문로1길 21,[]
그옛날1947왕만두 경희대점,서울 동대문구 회기로 171-2,"['고기왕만두5개', '김치왕만두5개', '고기통만두8개', '김치통만두8개', '옛날찐빵5개', '반반통만두 8개', '모듬만두 9개', '새우만두 5개', '구운만두 8개']"
3S PC방,서울 동대문구 경희대로1길 10,[]
CU 경희대점,서울 동대문구 경희대로4길 15,[]
달콤커피 경희의료원점,서울 동대문구 경희대로 23 경희의료원 부속동 지상 2층 달콤커피 경희의료원점,"['아메리카노 시그니처', 'ICE 큐브', 'ICE / HOT 허니몽', '베리큐브/허니큐브', '말차큐브/말차카페큐브', '망고큐브', '흑당 아인슈페너']"
해피니스디저트,서울 동대문구 경희대로 9-1 Happiness Dessert 妖开心甜品,"['버블 밀크티', '솽피나이(홍콩식 우유푸딩) 双皮奶', '크렘 브륄레 [creme brulee] 焦糖布蕾', '두유 케이크 豆乳盒子', '빤지(홍콩식 팬케이크) 班戟', '코코넛 푸딩 椰奶冻', '딴황수 蛋黄酥', '양즈간루 杨枝甘露', '아메리카노', '위위안(대만식 토란떡 녹은빙수) 芋圆', '모찌 雪媚娘', '로우쏭 샤우베이 肉松小贝']"
팔공티 경희대점,서울 동대문구 경희대로4길 2 1층 팔공티,"['밀크티', '홍차', '우롱티', '레몬 블랙티', '아메리카노']"
언에브릴,서울 동대문구 회기로26길 22 1층,"['휘낭시에', '케이크', '레몬위크엔드', '스콘']"
GS25 경희의대점,서울 동대문구 회기로23가길 21 1층(회기동 3-4),[]
호이차 회기역점,서울 동대문구 회기로 157 1층 호이차,"['흑당버블티', '쿠앤쿠스무디', '치즈폼 블랙밀크티', '블랙밀크티+펄', '라지 사이즈 커피', '초코 / 타로 / 말차 버블티', '흑당밀크 / 흑당버블티', '흑당초코 / 흑당타로 / 흑당말차', '치즈폼 + 블랙밀크티 +펄', '치즈폼 + 초코/타로/말차 버블티', '오리지널티', '블렌딩 티', '히비스커스애플티 / 유자애플그린티', '19곡물 라떼', '말차샷라떼']"
아이센스리그PC 경희대본점,서울 동대문구 경희대로1가길 4,[]
내가쉐프라면 경희대1호점,서울 동대문구 이문로 37,[]
Cafe H,서울 동대문구 회기로23가길 53,['아메리카노']
GS25 카이스트원룸점,서울 동대문구 회기로 118,[]
폴링인풀 포켓클럽,"서울 동대문구 회기로13길 6 3층(회기동, 이설빌딩)","['정액제(3시간) 인당', '1시간(2인)당', '1시간(3인)당', '1시간(4인이상)당']"
이츠이츠 경희대점,서울 동대문구 회기로21길 25 2층,"['코코넛스무디커피', '코코넛쉐이크', '(ICE) 코코넛 카푸치노', '(HOT) 코코넛 카푸치노', '(HOT) 카페농 코코넛', '카페다', '(ICE) 카페쓰어다', '(ICE) 카페쓰어다-라떼', '(ICE) 베트남-카페라떼', '(ICE) 족제비 위즐3in1 커피', '(HOT) 카페농', '(HOT) 카페쓰어농', '(HOT) 카페쓰어농-라떼', '(HOT) 베트남 카페라떼', '(HOT) 베트남 연유라떼']"
메모아르,서울 동대문구 회기로 156 2층,"['아메리카노', '카페라떼', '당근케이크', '아몬드초코', '딸기레어치즈케이크', '티라미슈']"
카페 마타타 경희대점,서울 동대문구 회기로21길 44,[]
여빈,서울 동대문구 회기로 114 1층,['클럽샌드위치']
